post_num,track_name,artist,broll_idea,themes,min_videos
101,Glue,Bicep,abstract cinematic nostalgic textures,abstract_aesthetic,6
102,Beyond Beliefs,Ben Böhmer,dreamy melodic lighting flows,abstract_aesthetic,6
103,Return to Oz (Artbat Remix),Monolink,peak time melodic abstract motion,abstract_aesthetic,6
104,Innerbloom,RÜFÜS DU SOL,atmospheric deep aesthetic slow motion,abstract_aesthetic,6
105,Graves,Lane 8,clean modern minimalist visuals,abstract_aesthetic,6
106,Solar Detroit,Maceo Plex,dark technological abstract patterns,abstract_aesthetic,6
107,Singularity,Stephan Bodzin,raw analog synth visual patterns,abstract_aesthetic,6
108,Home (Mind Against Remix),Adriatique,deep hypnotic shadows and lights,abstract_aesthetic,6
109,Your Mind,Adam Beyer & Bart Skils,minimalist techno strobe aesthetics,abstract_aesthetic,6
110,Lush,Four Tet,organic textures and bokeh movement,abstract_aesthetic,6
111,Archangel,Burial,gritty dark underground light leaks,abstract_aesthetic,6
112,Gosh,Jamie xx,epic cinematic scale abstract visuals,abstract_aesthetic,6
113,Starry Night,Peggy Gou,stylish fashion-led aesthetic motion,abstract_aesthetic,6
114,Friends,Solomun,groovy abstract nightclub silhouettes,abstract_aesthetic,6
115,The Space In Between,Jan Blomqvist,vocal electronic atmospheric lights,abstract_aesthetic,6
116,North Star,Tale Of Us,cosmic ethereal melodic techno vibe,abstract_aesthetic,6
117,Gravity,Boris Brejcha,high-tech minimal rhythmic motion,abstract_aesthetic,6
118,Bad Kingdom,Moderat,dark artistic noir aesthetic,abstract_aesthetic,6
119,Delilah (pull me out of this),Fred again..,modern emotional light trails,abstract_aesthetic,6
120,Rej,Âme,timeless rhythmic minimalist loops,abstract_aesthetic,6
